{"wind_mw": 953.842, "batt_mw": 94.33, "batt_mwh": 839.8880000000001, "pem_mw": 3.773, "tank_tonH2": 282.705, "turb_mw": 45.985, "annual_under_power": 0.0, "annual_rev_h2": 0.0, "annual_rev_E": -44521971.02571802, "NPV": -1070654134.0579858, "capital_cost": 384360182.3420025}