{
    "wind_mw": 953.8422130712744,
    "batt_mw": 103.09692684162994,
    "batt_mwh": 895.2651670676263,
    "pem_mw": 3.4672940110825903,
    "tank_tonH2": 301.09965944705215,
    "turb_mw": 52.3606594620324,
    "annual_under_power": 0.0,
    "annual_rev_h2": 0.0,
    "annual_rev_E": -56275857.063867725,
    "NPV": -1499486410.5170946,
    "capital_cost": 632009534.7009763
}