{
    "wind_mw": 953.8422130712745,
    "batt_mw": 103.09692684162998,
    "batt_mwh": 959.28093071675,
    "pem_mw": 3.467294011082569,
    "tank_tonH2": 306.16854780424563,
    "turb_mw": 52.36065946203241,
    "annual_under_power": 0.0,
    "annual_rev_h2": 0.0,
    "annual_rev_E": -56665652.20708065,
    "NPV": -1531414685.2458277,
    "capital_cost": 657929224.3865906
}