{"wind_mw": 953.8416197924754, "batt_mw": 94.34833452736063, "batt_mwh": 834.609212673057, "pem_mw": 3.7822197760529512, "tank_tonH2": 282.6924853846569, "turb_mw": 45.98423635087665, "annual_under_power": 0.0, "annual_rev_h2": 0.0, "annual_rev_E": -43110839.519101664, "NPV": -1252251315.3293042, "capital_cost": 587709568.1037117}