{
    "wind_mw": 953.8416197924754,
    "batt_mw": 94.32966837271243,
    "batt_mwh": 839.8874762600882,
    "pem_mw": 3.77255814829198,
    "tank_tonH2": 282.704830918015,
    "turb_mw": 45.98423635087666,
    "annual_under_power": 3711255.8318338576,
    "annual_rev_h2": 0.0,
    "annual_rev_E": -1919001376.8565652,
    "NPV": -30170459631.643803,
    "capital_cost": 589580620.0083306
}