{"wind_mw": 953.8422130712744, "batt_mw": 103.09692684162994, "batt_mwh": 895.3291828312756, "pem_mw": 3.467294011082558, "tank_tonH2": 301.1047283354093, "turb_mw": 52.360659462032416, "annual_under_power": 0.0, "annual_rev_h2": 0.0, "annual_rev_E": -56276246.85901656, "NPV": -1499518338.7919102, "capital_cost": 632035454.3906618}