{"wind_mw": 953.8416197924754, "batt_mw": 94.34833452736056, "batt_mwh": 898.6249763221799, "pem_mw": 3.782219776052951, "tank_tonH2": 287.7613737418504, "turb_mw": 45.98423635087665, "annual_under_power": 0.0, "annual_rev_h2": 0.0, "annual_rev_E": -43500634.58432511, "NPV": -1284179588.8558507, "capital_cost": 613629257.7893256}