{"wind_mw": 905.2097197241554, "batt_mw": 20.594373253854688, "pem_mw": 67.27047662910576, "turb_mw": 66.86120195466864, "turb_conv": 25.0, "h2_price_per_kg": 3.0, "wind_cap_cost": 1550.0, "wind_op_cost": 43.0, "batt_cap_cost_kw": 900.0, "batt_cap_cost_kwh": 360.0, "batt_rep_cost_kwh": 122.2875, "pem_cap_cost": 1200.0, "pem_op_cost": 47.9, "pem_var_cost": 0.0013, "tank_cap_cost_per_kg": 375.0, "tank_op_cost": 85.0, "turbine_cap_cost": 750.0, "turbine_op_cost": 11.65, "turbine_var_cost": 0.0042699999999999995, "batt_mwh": 130.05146084336423, "tank_tonH2": 214.4112112624742, "annual_rev_h2": 9748562.538471257, "annual_op_cost": -45506687.541007236, "NPV": -984837227.6590958, "storage_mw": 87.45557520852333, "batt_hr": 6.314902582384839, "hybrid_mw": 992.6652949326788, "wind_ratio": 0.9118982242504464, "batt_ratio": 0.02074654302813253, "turb_ratio": 0.06735523272142105, "batt_cap_cost_kw_to_kwh": 2.0, "capital_cost_greenfield": 1672240554.6745737, "capital_cost_wind_upgrade": 433635554.6745736, "npv_wind_upgrade": 242.793, "npv_greenfield": -995.812}