{
    "wind_mw": 953.8416197924754,
    "batt_mw": 94.32966837271243,
    "pem_mw": 3.77255814829198,
    "turb_mw": 45.98423635087666,
    "turb_conv": 10.0,
    "h2_price_per_kg": 2.0,
    "wind_cap_cost": 1550.0,
    "wind_op_cost": 43.0,
    "batt_cap_cost_kw": 900.0,
    "batt_cap_cost_kwh": 360.0,
    "batt_rep_cost_kwh": 122.2875,
    "pem_cap_cost": 2000.0,
    "pem_op_cost": 47.9,
    "pem_var_cost": 0.0013,
    "tank_cap_cost_per_kg": 625.0,
    "tank_op_cost": 85.0,
    "turbine_cap_cost": 750.0,
    "turbine_op_cost": 11.65,
    "turbine_var_cost": 0.0042699999999999995,
    "batt_mwh": 839.8874762600882,
    "tank_tonH2": 282.704830918015,
    "annual_rev_h2": 0.0,
    "annual_op_cost": -44522100.57445471,
    "NPV": -1515726079.3608356,
    "storage_mw": 140.31390472358908,
    "batt_hr": 8.903746729412331,
    "hybrid_mw": 1094.1555245160646,
    "wind_ratio": 0.8717605481308073,
    "batt_ratio": 0.08621230369826412,
    "turb_ratio": 0.042027148170928515,
    "batt_cap_cost_kw_to_kwh": 2.0,
    "capital_cost_greenfield": 2068035130.6866677,
    "capital_cost_wind_upgrade": 829430130.6866676,
    "npv_wind_upgrade": -168.137,
    "npv_greenfield": -1406.742
}